{
    "icon": {
        "item": "minecraft:spectral_arrow",
        "fancy": true,
        "color": 16073455
    },
    "range": {
        "deity": "greek:apollo",
        "minlevel": 10,
        "maxlevel": 10
    },
    "condition": [
        {
            "type": "ritual",
            "data": "minecraft:spectral_arrow"
        }
    ],
    "action": [
        {
            "type": "patron",
            "patron": {
                "deity": "greek:apollo",
                "penalty": -1000,
                "decay": -0.5,
                "perk_chance": 0.15
            }
        }
    ]
}