{
    "icon": {
        "item": "minecraft:spectral_arrow",
        "color": 14277081
    },
    "range": {
        "deity": "greek:apollo",
        "minlevel": 3,
        "maxlevel": 10
    },
    "condition": [
        {
            "type": "entity_hurt_player",
            "data": "minecraft:arrow"
        }
    ],
    "action": [
        {
            "type": "item",
            "item": {
                "id": "minecraft:spectral_arrow",
                "Count": 1
            }
        }
    ],
    "cooldown": 250,
    "chance": 0.125
}