{
    "icon": {
        "item": {
            "id": "minecraft:spectral_arrow",
            "Count": 1
        },
        "color": 14277081
    },
    "range": {
        "deity": "greek:apollo",
        "minlevel": 5,
        "maxlevel": 10
    },
    "action": [
        {
            "type": "arrow_effect",
            "tag": {
                "Potion": "minecraft:glowing",
                "Amplifier": 0,
                "Duration": 225
            }
        }
    ],
    "cooldown": 160,
    "chance": 0.5
}