{
    "icon": {
        "item": "minecraft:name_tag",
        "color": 14277081
    },
    "range": {
        "deity": "greek:apollo",
        "minlevel": 8,
        "maxlevel": 10
    },
    "condition": [
        {
            "type": "player_interact_entity",
            "data": "minecraft:mooshroom"
        },
        {
            "type": "mainhand_item",
            "data": "minecraft:hay_block"
        }
    ],
    "action": [
        {
            "type": "affinity",
            "affinity": {
                "type": "tame",
                "entity": "minecraft:mooshroom"
            }
        },
        {
            "type": "favor",
			"id": "greek:apollo",
            "favor": -100
        }
    ],
    "cooldown_category": "tame",
    "cooldown": 12000
}