{
    "icon": {
        "item": {
            "id": "minecraft:soul_sand",
            "Count": 1
        },
        "color": 14277081
    },
    "range": {
        "deity": "greek:zeus",
        "minlevel": -8,
        "maxlevel": -10
    },
    "condition": [
        {
            "type": "random_tick"
        }
    ],
    "action": [
        {
            "type": "potion",
            "tag": {
                "Potion": "minecraft:levitation",
                "Amplifier": 0,
                "Duration": 450
            }
        }
    ],
    "cooldown": 14800,
    "cooldown_category": "zeus:potion",
    "chance": 0.008
}