{
    "icon": {
        "item": {
            "id": "minecraft:phantom_membrane",
            "Count": 1
        },
        "color": 14277081
    },
    "range": {
        "deity": "greek:zeus",
        "minlevel": 3,
        "maxlevel": 10
    },
    "condition": [
        {
            "type": "random_tick"
        }
    ],
    "action": [
        {
            "type": "potion",
            "tag": {
                "Potion": "minecraft:slow_falling",
                "Amplifier": 0,
                "Duration": 1100
            }
        }
    ],
    "cooldown": 5100,
    "cooldown_category": "zeus:potion",
    "chance": 0.012
}