{
    "icon": {
        "item": {
            "id": "minecraft:name_tag",
            "Count": 1
        },
        "color": 14277081
    },
    "range": {
        "deity": "greek:zeus",
        "minlevel": -10,
        "maxlevel": 10
    },
    "condition": [
        {
            "type": "player_interact_entity",
            "data": "alexsmobs:tusklin"
        },
        {
            "type": "mainhand_item",
            "data": "kubejs:taming_flute"
        }
    ],
    "action": [
        {
            "type": "affinity",
            "affinity": {
                "type": "tame",
                "entity": "alexsmobs:tusklin"
            }
        },
        {
            "type": "favor",
			"id": "greek:zeus",
            "favor": 0
        }
    ],
    "cooldown_category": "tame",
    "cooldown": 10
}