{
  "enabled": true,
  "name": "greek:apollo",
  "female": false,
  "slim": false,
  "light": 15,
  "items": {
    "offhand": "minecraft:bow",
    "block": "minecraft:quartz_slab",
    "armor_locked": false,
    "hands_locked": true,
    "block_locked": true
  },
  "pose": {
    "head": {
      "x": -0.523599,
      "y": 0.401426
    },
    "left_arm": {
      "x": 0.05236,
      "y": 0.10472
    },
    "right_arm": {
      "x": -1.675516,
      "y": 0.174533
    },
    "left_leg": {
      "z": -0.069813
    },
    "right_leg": {
      "z": 0.069813
    }
  },
  "pose_locked": false
}