{
  "enabled": true,
  "name": "greek:artemis",
  "female": true,
  "slim": true,
  "items": {
    "mainhand": {
      "id": "minecraft:iron_sword",
      "Count": 1
    },
    "offhand": {
      "id": "minecraft:bow",
      "Count": 1
    },
    "block": "minecraft:birch_slab",
    "armor_locked": false,
    "hands_locked": true,
    "block_locked": true
  },
  "pose": {
    "head": {
      "x": -0.174533
    },
    "left_arm": {
      "x": 0.05236,
      "y": 0.10472
    },
    "right_arm": {
      "x": -1.675516,
      "y": 0.174533
    },
    "left_leg": {
      "z": -0.069813
    },
    "right_leg": {
      "z": 0.069813
    }
  },
  "pose_locked": false
}