{
  "enabled": true,
  "name": "greek:athena",
  "female": true,
  "slim": true,
  "items": {
    "mainhand": "minecraft:iron_sword",
    "offhand": "minecraft:shield",
    "block": "minecraft:quartz_slab",
    "armor_locked": false,
    "hands_locked": true,
    "block_locked": true
  },
  "pose": {
    "head": {
      "x": 0.174533
    },
    "left_arm": {
      "x": -1.047198,
      "z": -0.174533
    },
    "right_arm": {
      "x": -1.675516
    },
    "left_leg": {
      "x": 0.174533
    },
    "right_leg": {
      "x": -0.174533
    }
  },
  "pose_locked": false
}