{
  "enabled": true,
  "name": "greek:hades",
  "female": false,
  "slim": false,
  "items": {
    "offhand": {
      "id": "minecraft:skeleton_skull",
      "Count": 1
    },
    "block": "minecraft:polished_blackstone_slab",
    "armor_locked": false,
    "hands_locked": true,
    "block_locked": true
  },
  "pose": {
    "head": {
      "x": 0.174533
    },
    "left_arm": {
      "x": -1.047198,
      "z": -0.174533
    },
    "right_arm": {
      "x": -0.523599,
      "z": 0.034907
    },
    "left_leg": {
      "x": -0.349066,
      "z": -0.034907
    },
    "right_leg": {
      "x": 0.349066,
      "z": 0.034907
    }
  },
  "pose_locked": false
}