{
  "enabled": true,
  "name": "greek:hermes",
  "female": false,
  "slim": false,
  "items": {
    "mainhand": {
      "id": "minecraft:golden_sword",
      "Count": 1
    },
    "block": "minecraft:smooth_sandstone_slab",
    "armor_locked": false,
    "hands_locked": true,
    "block_locked": true
  },
  "pose": {
    "head": {
      "x": 0.10472
    },
    "left_arm": {
      "z": -0.034907
    },
    "right_arm": {
      "x": -1.22173,
      "y": 0.034907
    },
    "left_leg": {
      "x": 0.314159
    },
    "right_leg": {
      "x": -0.174533
    }
  },
  "pose_locked": false
}