{
  "enabled": true,
  "name": "greek:persephone",
  "female": true,
  "slim": true,
  "items": {
    "mainhand": "minecraft:poppy",
    "offhand": "minecraft:dandelion",
    "block": "minecraft:polished_diorite_slab",
    "armor_locked": false,
    "hands_locked": true,
    "block_locked": true
  },
  "pose": {
    "head": {
      "x": 0.087266
    },
    "left_arm": {
      "x": -1.466077,
      "y": -0.506145,
      "z": 0.296706
    },
    "right_arm": {
      "x": -1.169371,
      "y": 0.401426,
      "z": 0.034907
    },
    "left_leg": {
      "z": -0.034907
    },
    "right_leg": {
      "z": 0.034907
    }
  },
  "pose_locked": false
}