{
  "enabled": true,
  "name": "greek:zeus",
  "female": false,
  "slim": false,
  "items": {
    "mainhand": {
      "id": "minecraft:iron_sword",
      "Count": 1
    },
    "block": "minecraft:quartz_slab",
    "armor_locked": false,
    "hands_locked": true,
    "block_locked": true
  },
  "pose": {
    "head": {
      "x": 0.174533
    },
    "left_arm": {
      "x": -0.20944,
      "z": -0.087266
    },
    "right_arm": {
      "x": -2.617994,
      "z": -0.174533
    },
    "left_leg": {
      "z": -0.0349066
    },
    "right_leg": {
      "z": 0.0349066
    }
  },
  "pose_locked": false
}