{
    "icon": {
        "item": {
            "id": "minecraft:iron_pickaxe",
            "Count": 1
        },
        "color": 14277081
    },
    "range": {
        "deity": "greek:hephaestus",
        "minlevel": 6,
        "maxlevel": 10
    },
    "condition": [
        {
            "type": "random_tick"
        }
    ],
    "action": [
        {
            "type": "durability",
            "data": "mainhand",
            "multiplier": 0.15
        }
    ],
    "cooldown": 2300,
    "cooldown_category": "hephaestus:durability",
    "chance": 0.014
}