{
    "icon": {
        "item": {
            "id": "minecraft:iron_chestplate",
            "Count": 1
        },
        "color": 14277081
    },
    "range": {
        "deity": "greek:hephaestus",
        "minlevel": 8,
        "maxlevel": 10
    },
    "condition": [
        {
            "type": "random_tick"
        }
    ],
    "action": [
        {
            "type": "durability",
            "data": "chest",
            "multiplier": 0.1
        }
    ],
    "cooldown": 2100,
    "cooldown_category": "hephaestus:durability",
    "chance": 0.014
}