{
    "icon": {
        "item": "minecraft:name_tag",
        "color": 14277081
    },
    "range": {
        "deity": "greek:hephaestus",
        "minlevel": 9,
        "maxlevel": 10
    },
    "action": [
        {
            "type": "affinity",
            "affinity": {
                "type": "tame",
                "entity": "minecraft:iron_golem"
            }
        },
        {
            "type": "favor",
			"id": "greek:hephaestus",
            "favor": -100
        }
    ]
}