{
    "icon": {
        "item": "minecraft:wooden_shovel",
        "color": 14277081
    },
    "range": {
        "deity": "greek:hephaestus",
        "minlevel": -5,
        "maxlevel": -10
    },
    "condition": [
        {
            "type": "random_tick"
        }
    ],
    "action": [
        {
            "type": "potion",
            "tag": {
                "Potion": "minecraft:mining_fatigue",
                "Amplifier": 1,
                "Duration": 2200
            }
        }
    ],
    "cooldown": 4600,
    "cooldown_category": "hephaestus:potion",
    "chance": 0.03
}