{
    "icon": {
        "item": "minecraft:wooden_sword",
        "color": 14277081
    },
    "range": {
        "deity": "greek:hephaestus",
        "minlevel": -10,
        "maxlevel": 4
    },
    "condition": [
        {
            "type": "player_hurt_entity",
            "data": "minecraft:iron_golem"
        }
    ],
    "action": [
        {
            "type": "potion",
            "tag": {
                "Potion": "minecraft:weakness",
                "Amplifier": 1,
                "Duration": 220
            }
        }
    ],
    "cooldown": 4900,
    "cooldown_category": "hephaestus:potion",
    "chance": 0.085
}