{
    "icon": {
        "item": {
            "id": "minecraft:shield",
            "Count": 1
        },
        "color": 14277081
    },
    "range": {
        "deity": "greek:artemis",
        "minlevel": 8,
        "maxlevel": 10
    },
    "condition": [
        {
            "type": "entity_hurt_player",
            "data": "minecraft:arrow"
        }
    ],
    "action": [
        {
            "type": "damage",
            "multiplier": 0.75
        }
    ],
    "cooldown": 350,
    "cooldown_category": "artemis:damage_from_arrow_down",
    "chance": 0.4
}