{
    "icon": {
        "item": {
            "id": "minecraft:tipped_arrow",
            "Count": 1,
            "tag": {
                "Potion": "minecraft:poison"
            }
        },
        "color": 14277081
    },
    "range": {
        "deity": "greek:artemis",
        "minlevel": 3,
        "maxlevel": 10
    },
    "action": [
        {
            "type": "arrow_effect",
            "tag": {
                "Potion": "minecraft:poison",
                "Amplifier": 0,
                "Duration": 225
            }
        }
    ],
    "cooldown": 190,
    "chance": 0.2
}