{
    "icon": {
        "item": {
            "id": "minecraft:netherite_sword",
            "Count": 1
        },
        "color": 14277081
    },
    "range": {
        "deity": "greek:ares",
        "minlevel": 9,
        "maxlevel": 10
    },
    "condition": [
        {
            "type": "player_hurt_entity",
            "data": "minecraft:player"
        }
    ],
    "action": [
        {
            "type": "damage",
            "multiplier": 1.25
        }
    ],
    "cooldown": 700,
    "cooldown_category": "ares:damage_up",
    "chance": 0.3
}