{
    "icon": {
        "item": {
            "id": "minecraft:iron_chestplate",
            "Count": 1
        },
        "color": 14277081
    },
    "range": {
        "deity": "greek:ares",
        "minlevel": 6,
        "maxlevel": 10
    },
    "condition": [
        {
            "type": "enter_combat"
        }
    ],
    "action": [
        {
            "type": "potion",
            "tag": {
                "Potion": "minecraft:resistance",
                "Amplifier": 1,
                "Duration": 990
            }
        }
    ],
    "cooldown": 4400,
    "cooldown_category": "ares:potion",
    "chance": 0.25
}