{
    "icon": {
        "item": {
            "id": "minecraft:wooden_sword",
            "Count": 1
        },
        "color": 14277081
    },
    "range": {
        "deity": "greek:ares",
        "minlevel": -4,
        "maxlevel": -7
    },
    "condition": [
        {
            "type": "enter_combat"
        }
    ],
    "action": [
        {
            "type": "potion",
            "tag": {
                "Potion": "minecraft:weakness",
                "Amplifier": 0,
                "Duration": 1300
            }
        }
    ],
    "cooldown": 4400,
    "cooldown_category": "ares:potion",
    "chance": 0.15
}