{
    "icon": {
        "item": "minecraft:saddle",
        "color": 65535
    },
    "range": {
        "deity": "greek:poseidon",
        "minlevel": 4,
        "maxlevel": 10
    },
    "condition": [
        {
            "type": "random_tick"
        },
        {
            "type": "player_ride_entity",
            "data": "minecraft:horse"
        }
    ],
    "action": [
        {
            "type": "summon",
            "tag": {
                "id": "minecraft:potion",
                "Item": {
                    "id": "minecraft:splash_potion",
                    "Count": 1,
                    "tag": {
                        "Potion": "minecraft:swiftness"
                    }
                }
            },
            "multiplier": 0
        }
    ],
    "chance": 0.064,
    "cooldown_category": "riding_horse",
    "cooldown": 4000
}