{
    "icon": {
        "item": "minecraft:trident",
        "color": 14277081
    },
    "range": {
        "deity": "greek:poseidon",
        "minlevel": 6,
        "maxlevel": 10
    },
    "condition": [
        {
            "type": "entity_hurt_player",
            "data": "minecraft:trident"
        }
    ],
    "action": [
        {
            "type": "potion",
            "tag": {
                "Potion": "minecraft:strength",
                "Amplifier": 0,
                "Duration": 950
            }
        }
    ],
    "cooldown": 2400,
    "cooldown_category": "poseidon:potion",
    "chance": 0.2
}