{
    "icon": {
        "item": "minecraft:pufferfish",
        "color": 65535
    },
    "range": {
        "deity": "greek:poseidon",
        "minlevel": -3,
        "maxlevel": -10
    },
    "condition": [
        {
            "type": "random_tick"
        },
        {
            "type": "biome",
            "data": "#minecraft:is_ocean"
        }
    ],
    "action": [
        {
            "type": "summon",
            "tag": {
                "id": "minecraft:pufferfish"
            },
            "multiplier": 2
        }
    ],
    "chance": 0.028,
    "cooldown": 14000
}