{
    "icon": {
        "item": "minecraft:trident",
        "color": 14277081
    },
    "range": {
        "deity": "greek:poseidon",
        "minlevel": 5,
        "maxlevel": 10
    },
    "condition": [
        {
            "type": "player_killed_entity",
            "data": "minecraft:drowned"
        },
        {
            "type": "biome",
            "data": "#forge:is_water"
        }
    ],
    "action": [
        {
            "type": "item",
            "item": {
                "id": "minecraft:trident",
                "Count": 1,
                "Damage": 125
            }
        }
    ],
    "cooldown": 4600,
    "chance": 0.04
}