{
    "icon": {
        "item": "minecraft:tropical_fish",
        "color": 14277081
    },
    "range": {
        "deity": "greek:poseidon",
        "minlevel": 5,
        "maxlevel": 10
    },
    "condition": [
        {
            "type": "random_tick"
        },
        {
            "type": "biome",
            "data": "#forge:is_water"
        }
    ],
    "action": [
        {
            "type": "potion",
            "tag": {
                "Potion": "minecraft:water_breathing",
                "Amplifier": 0,
                "Duration": 1400
            }
        }
    ],
    "cooldown": 4200,
    "cooldown_category": "poseidon:potion",
    "chance": 0.019
}