{
    "icon": {
        "item": "minecraft:wither_rose",
        "color": 14277081
    },
    "range": {
        "deity": "greek:persephone",
        "minlevel": -5,
        "maxlevel": -10
    },
    "condition": [
        {
            "type": "random_tick"
        },
        {
            "type": "dimension",
            "data": "minecraft:the_nether"
        }
    ],
    "action": [
        {
            "type": "potion",
            "tag": {
                "Potion": "minecraft:wither",
                "Amplifier": 0,
                "Duration": 45
            }
        }
    ],
    "cooldown": 4600,
    "chance": 0.020
}