{
    "icon": {
        "item": {
            "id": "minecraft:shield",
            "Count": 1
        },
        "color": 14277081
    },
    "range": {
        "deity": "greek:hecate",
        "minlevel": 3,
        "maxlevel": 10
    },
    "condition": [
        {
            "type": "entity_hurt_player",
            "data": "minecraft:wolf"
        }
    ],
    "action": [
        {
            "type": "damage",
            "multiplier": 0.9
        }
    ],
    "cooldown": 250,
    "cooldown_category": "hecate:damage_from_wolf",
    "chance": 0.2
}