{
    "icon": {
        "item": "minecraft:potion",
        "color": 65535
    },
    "range": {
        "deity": "greek:hecate",
        "minlevel": -6,
        "maxlevel": -3
    },
    "condition": [
        {
            "type": "random_tick"
        }
    ],
    "action": [
        {
            "type": "summon",
            "tag": {
                "id": "minecraft:witch"
            }
        },
        {
            "type": "summon",
            "tag": {
                "id": "minecraft:witch"
            }
        },
        {
            "type": "summon",
            "tag": {
                "id": "minecraft:witch"
            }
        }
    ],
    "chance": 0.15,
    "cooldown": 18000
}